{
  "MMLU - high_school_biology": {
    "n_scored": 310,
    "n_error": 0,
    "state_count": {
      "0": 306,
      "1": 3,
      "none": 1
    },
    "avg_state_solved_only": 0.009708737864077669,
    "final_action_dist": {
      "SOLVE": 297,
      "REJECT": 12,
      "none": 1
    },
    "tokens_overall": {
      "avg": 71.52903225806452,
      "p50": 68.0,
      "p90": 98.0,
      "min": 43,
      "max": 203
    },
    "tokens_by_state": {
      "0": {
        "n": 306,
        "avg": 70.41830065359477,
        "p50": 68.0,
        "p90": 94.0
      },
      "1": {
        "n": 3,
        "avg": 163.33333333333334,
        "p50": 149.0,
        "p90": 192.2
      },
      "none": {
        "n": 1,
        "avg": 136.0,
        "p50": 136.0,
        "p90": 136.0
      }
    }
  },
  "MMLU - professional_law": {
    "n_scored": 1534,
    "n_error": 0,
    "state_count": {
      "0": 1311,
      "1": 81,
      "2": 42,
      "none": 100
    },
    "avg_state_solved_only": 0.11506276150627615,
    "final_action_dist": {
      "SOLVE": 1398,
      "REJECT": 36,
      "none": 100
    },
    "tokens_overall": {
      "avg": 108.61538461538461,
      "p50": 87.0,
      "p90": 198.4000000000001,
      "min": 11,
      "max": 455
    },
    "tokens_by_state": {
      "0": {
        "n": 1311,
        "avg": 86.00686498855835,
        "p50": 83.0,
        "p90": 115.0
      },
      "1": {
        "n": 81,
        "avg": 193.20987654320987,
        "p50": 180.0,
        "p90": 280.0
      },
      "2": {
        "n": 42,
        "avg": 262.4047619047619,
        "p50": 284.5,
        "p90": 379.59999999999997
      },
      "none": {
        "n": 100,
        "avg": 271.9,
        "p50": 265.0,
        "p90": 357.2
      }
    }
  },
  "MMLU - abstract_algebra": {
    "n_scored": 100,
    "n_error": 0,
    "state_count": {
      "0": 89,
      "1": 5,
      "none": 6
    },
    "avg_state_solved_only": 0.05319148936170213,
    "final_action_dist": {
      "SOLVE": 90,
      "REJECT": 4,
      "none": 6
    },
    "tokens_overall": {
      "avg": 108.52,
      "p50": 89.0,
      "p90": 195.30000000000018,
      "min": 48,
      "max": 395
    },
    "tokens_by_state": {
      "0": {
        "n": 89,
        "avg": 88.93258426966293,
        "p50": 84.0,
        "p90": 130.0
      },
      "1": {
        "n": 5,
        "avg": 257.8,
        "p50": 260.0,
        "p90": 314.8
      },
      "none": {
        "n": 6,
        "avg": 274.6666666666667,
        "p50": 243.5,
        "p90": 358.5
      }
    }
  },
  "GSM8K": {
    "n_scored": 1319,
    "n_error": 0,
    "state_count": {
      "0": 1316,
      "1": 2,
      "2": 1
    },
    "avg_state_solved_only": 0.003032600454890068,
    "final_action_dist": {
      "SOLVE": 1317,
      "REJECT": 2
    },
    "tokens_overall": {
      "avg": 92.50796057619408,
      "p50": 89.0,
      "p90": 131.0,
      "min": 41,
      "max": 296
    },
    "tokens_by_state": {
      "0": {
        "n": 1316,
        "avg": 92.18693009118542,
        "p50": 89.0,
        "p90": 131.0
      },
      "1": {
        "n": 2,
        "avg": 202.0,
        "p50": 202.0,
        "p90": 210.8
      },
      "2": {
        "n": 1,
        "avg": 296.0,
        "p50": 296.0,
        "p90": 296.0
      }
    }
  },
  "RF390 - SOLVE": {
    "n_scored": 131,
    "n_error": 0,
    "state_count": {
      "0": 88,
      "1": 25,
      "2": 9,
      "none": 9
    },
    "avg_state_solved_only": 0.3524590163934426,
    "final_action_dist": {
      "SOLVE": 119,
      "none": 9,
      "REJECT": 3
    },
    "tokens_overall": {
      "avg": 142.16030534351145,
      "p50": 124.0,
      "p90": 253.0,
      "min": 53,
      "max": 416
    },
    "tokens_by_state": {
      "0": {
        "n": 88,
        "avg": 101.52272727272727,
        "p50": 101.0,
        "p90": 133.6
      },
      "1": {
        "n": 25,
        "avg": 188.8,
        "p50": 173.0,
        "p90": 261.20000000000005
      },
      "2": {
        "n": 9,
        "avg": 290.0,
        "p50": 280.0,
        "p90": 381.6
      },
      "none": {
        "n": 9,
        "avg": 262.1111111111111,
        "p50": 253.0,
        "p90": 319.4
      }
    }
  },
  "RF390 - ASK": {
    "n_scored": 99,
    "n_error": 0,
    "state_count": {
      "0": 13,
      "1": 48,
      "2": 21,
      "none": 17
    },
    "avg_state_solved_only": 1.0975609756097562,
    "final_action_dist": {
      "REJECT": 18,
      "SOLVE": 64,
      "none": 17
    },
    "tokens_overall": {
      "avg": 231.84848484848484,
      "p50": 229.0,
      "p90": 354.20000000000005,
      "min": 64,
      "max": 603
    },
    "tokens_by_state": {
      "0": {
        "n": 13,
        "avg": 98.38461538461539,
        "p50": 109.0,
        "p90": 124.0
      },
      "1": {
        "n": 48,
        "avg": 204.125,
        "p50": 187.0,
        "p90": 281.9000000000001
      },
      "2": {
        "n": 21,
        "avg": 309.3333333333333,
        "p50": 287.0,
        "p90": 393.0
      },
      "none": {
        "n": 17,
        "avg": 316.47058823529414,
        "p50": 271.0,
        "p90": 458.6
      }
    }
  },
  "RF390 - REJECT": {
    "n_scored": 160,
    "n_error": 0,
    "state_count": {
      "0": 55,
      "1": 52,
      "2": 26,
      "none": 27
    },
    "avg_state_solved_only": 0.7819548872180451,
    "final_action_dist": {
      "SOLVE": 78,
      "none": 27,
      "REJECT": 55
    },
    "tokens_overall": {
      "avg": 214.51875,
      "p50": 217.0,
      "p90": 358.0,
      "min": 65,
      "max": 641
    },
    "tokens_by_state": {
      "0": {
        "n": 55,
        "avg": 109.12727272727273,
        "p50": 109.0,
        "p90": 154.0
      },
      "1": {
        "n": 52,
        "avg": 228.76923076923077,
        "p50": 220.5,
        "p90": 334.90000000000003
      },
      "2": {
        "n": 26,
        "avg": 327.7307692307692,
        "p50": 293.5,
        "p90": 427.5
      },
      "none": {
        "n": 27,
        "avg": 292.74074074074076,
        "p50": 280.0,
        "p90": 390.20000000000005
      }
    }
  }
}